                  epoch,         train/box_loss,         train/cls_loss,         train/dfl_loss,   metrics/precision(B),      metrics/recall(B),       metrics/mAP50(B),    metrics/mAP50-95(B),           val/box_loss,           val/cls_loss,           val/dfl_loss,                 lr/pg0,                 lr/pg1,                 lr/pg2
                      1,                0.88366,                 2.9872,                 1.3442,                0.00374,                      1,                0.28637,                0.19465,                0.91815,                 3.8467,                 1.5907,              0.0002625,              0.0002625,              0.0002625
                      2,                0.86797,                  2.174,                 1.3505,                0.77863,                   0.05,                0.46774,                0.37379,                 1.1111,                  3.647,                 1.6927,             0.00051976,             0.00051976,             0.00051976
